INSERT INTO public.TransactionGroups (id,description,icon,color,"name","type",createdby,createdat,updatedby,updatedat,isdeleted,tenantid, displayorder) VALUES
	 ('0ab0d9b5-76e6-43fb-9aba-543c7655aafb'::uuid,NULL,'Drama','error-100','Entertainment','Expense','d8d5efae-da25-4b50-870f-8774b83d73e9'::uuid,'2025-01-27 17:25:55.155234-06',NULL,NULL,false,'d8d5efae-da25-4b50-870f-8774b83d73e9'::uuid, 0),
	 ('235e6d59-5ecc-4ae3-a01f-83f3c395449c'::uuid,NULL,'Plug','error-100','Bills','Expense','d8d5efae-da25-4b50-870f-8774b83d73e9'::uuid,'2025-01-27 17:25:55.155234-06',NULL,NULL,false,'d8d5efae-da25-4b50-870f-8774b83d73e9'::uuid, 0),
	 ('15cbf097-47fa-4df1-ab7e-92ce5a3e32da'::uuid,NULL,'House','error-100','Household','Expense','d8d5efae-da25-4b50-870f-8774b83d73e9'::uuid,'2025-01-27 17:25:55.155234-06',NULL,NULL,false,'d8d5efae-da25-4b50-870f-8774b83d73e9'::uuid, 0),
	 ('a9cfa027-8f5c-489a-8b93-f9b4f5735044'::uuid,NULL,'BriefcaseBusiness','error-100','Employer','Income','d8d5efae-da25-4b50-870f-8774b83d73e9'::uuid,'2025-01-27 17:25:55.155234-06',NULL,NULL,false,'d8d5efae-da25-4b50-870f-8774b83d73e9'::uuid, 0),
	 ('60e285ab-a8fd-4b73-9b6b-e2e6964757e8'::uuid,NULL,'Ellipsis','error-100','Other','Expense','d8d5efae-da25-4b50-870f-8774b83d73e9'::uuid,'2025-01-27 17:25:55.155234-06',NULL,NULL,false,'d8d5efae-da25-4b50-870f-8774b83d73e9'::uuid, 0),
	 ('2a1caa0e-5767-4b99-8bdd-8a48fc42e72b'::uuid,NULL,'UserPen','error-100','Accounts','Adjustment','d8d5efae-da25-4b50-870f-8774b83d73e9'::uuid,'2025-01-27 17:25:55.155234-06',NULL,NULL,false,'d8d5efae-da25-4b50-870f-8774b83d73e9'::uuid, 0),
	 ('56f8e908-644e-4767-bff9-1f37baf49fe4'::uuid,NULL,'Car','error-100','Car','Expense','d8d5efae-da25-4b50-870f-8774b83d73e9'::uuid,'2025-01-27 17:25:55.155234-06',NULL,NULL,false,'d8d5efae-da25-4b50-870f-8774b83d73e9'::uuid, 0),
	 ('046e648c-123f-462c-908b-d1e0831e6a11'::uuid,NULL,'ShoppingCart','error-100','Groceries','Expense','d8d5efae-da25-4b50-870f-8774b83d73e9'::uuid,'2025-01-27 17:25:55.155234-06',NULL,NULL,false,'d8d5efae-da25-4b50-870f-8774b83d73e9'::uuid, 0);




INSERT INTO public.TransactionCategories (id,"name",description,createdby,createdat,updatedby,updatedat,isdeleted,tenantid,icon,"type",color,groupid) VALUES
	 ('55485de3-113a-42fa-a9a8-68f151b5d233'::uuid,'Other',NULL,'d8d5efae-da25-4b50-870f-8774b83d73e9'::uuid,'2024-09-06 17:15:08.12299-05',NULL,NULL,false,'d8d5efae-da25-4b50-870f-8774b83d73e9'::uuid,'Ellipsis','Expense','Ellipsis','60e285ab-a8fd-4b73-9b6b-e2e6964757e8'::uuid),
	 ('41dee609-6a44-4fda-8ed4-2ec0bd35a99f'::uuid,'Clothing',NULL,'d8d5efae-da25-4b50-870f-8774b83d73e9'::uuid,'2024-09-06 17:32:00.434296-05',NULL,NULL,false,'d8d5efae-da25-4b50-870f-8774b83d73e9'::uuid,'Shirt','Expense','House','15cbf097-47fa-4df1-ab7e-92ce5a3e32da'::uuid),
	 ('43697723-bb6f-4edc-abe7-ea7540595df7'::uuid,'Medicine',NULL,'d8d5efae-da25-4b50-870f-8774b83d73e9'::uuid,'2024-09-06 17:32:00.434296-05',NULL,NULL,false,'d8d5efae-da25-4b50-870f-8774b83d73e9'::uuid,'HeartPulse','Expense','House','15cbf097-47fa-4df1-ab7e-92ce5a3e32da'::uuid),
	 ('4f036417-a86c-4335-813e-b65e7a3cb909'::uuid,'Home Improvement',NULL,'d8d5efae-da25-4b50-870f-8774b83d73e9'::uuid,'2025-01-05 20:12:34.066-06',NULL,NULL,false,'d8d5efae-da25-4b50-870f-8774b83d73e9'::uuid,'HousePlus','Expense','House','15cbf097-47fa-4df1-ab7e-92ce5a3e32da'::uuid),
	 ('4be2ba14-f8aa-4480-b88e-128ab06002ef'::uuid,'Fuel',NULL,'d8d5efae-da25-4b50-870f-8774b83d73e9'::uuid,'2024-09-06 17:32:00.434296-05',NULL,NULL,false,'d8d5efae-da25-4b50-870f-8774b83d73e9'::uuid,'Fuel','Expense','Car','56f8e908-644e-4767-bff9-1f37baf49fe4'::uuid),
	 ('5b2bd8af-f00c-429d-8351-c42c4c8db97f'::uuid,'Car Insurance',NULL,'d8d5efae-da25-4b50-870f-8774b83d73e9'::uuid,'2024-09-06 17:32:00.434296-05',NULL,NULL,false,'d8d5efae-da25-4b50-870f-8774b83d73e9'::uuid,'Shield','Expense','Car','56f8e908-644e-4767-bff9-1f37baf49fe4'::uuid),
	 ('f32d9c15-c407-46e3-8f3c-99b6859a64b1'::uuid,'Dining Out',NULL,'d8d5efae-da25-4b50-870f-8774b83d73e9'::uuid,'2024-09-06 17:32:00.434296-05',NULL,NULL,false,'d8d5efae-da25-4b50-870f-8774b83d73e9'::uuid,'Pizza','Expense','Drama','0ab0d9b5-76e6-43fb-9aba-543c7655aafb'::uuid),
	 ('e4211cd6-2485-4728-b646-d47b790d5c78'::uuid,'Games',NULL,'d8d5efae-da25-4b50-870f-8774b83d73e9'::uuid,'2024-09-06 17:32:00.434296-05',NULL,NULL,false,'d8d5efae-da25-4b50-870f-8774b83d73e9'::uuid,'Gamepad2','Expense','Drama','0ab0d9b5-76e6-43fb-9aba-543c7655aafb'::uuid),
	 ('34170969-aab7-41aa-b0c1-f1ecd4229c8d'::uuid,'Sweets and Candy',NULL,'d8d5efae-da25-4b50-870f-8774b83d73e9'::uuid,'2024-09-06 17:32:00.434296-05',NULL,NULL,false,'d8d5efae-da25-4b50-870f-8774b83d73e9'::uuid,'Lollipop','Expense','Drama','0ab0d9b5-76e6-43fb-9aba-543c7655aafb'::uuid),
	 ('ef228637-4334-4d7d-8697-84dd19b1e173'::uuid,'Rent',NULL,'d8d5efae-da25-4b50-870f-8774b83d73e9'::uuid,'2024-09-06 17:32:00.434296-05',NULL,NULL,false,'d8d5efae-da25-4b50-870f-8774b83d73e9'::uuid,'House','Expense','Plug','235e6d59-5ecc-4ae3-a01f-83f3c395449c'::uuid);
INSERT INTO public.TransactionCategories (id,"name",description,createdby,createdat,updatedby,updatedat,isdeleted,tenantid,icon,"type",color,groupid) VALUES
	 ('aad62461-d513-42ed-a478-ddcc8039a349'::uuid,'Phone',NULL,'d8d5efae-da25-4b50-870f-8774b83d73e9'::uuid,'2024-09-06 17:32:00.434296-05',NULL,NULL,false,'d8d5efae-da25-4b50-870f-8774b83d73e9'::uuid,'Phone','Expense','Plug','235e6d59-5ecc-4ae3-a01f-83f3c395449c'::uuid),
	 ('9031526c-8069-4110-be4b-2b9c14ccb3ea'::uuid,'Medical Insurance',NULL,'d8d5efae-da25-4b50-870f-8774b83d73e9'::uuid,'2024-09-06 17:32:00.434296-05',NULL,NULL,false,'d8d5efae-da25-4b50-870f-8774b83d73e9'::uuid,'BriefcaseMedical','Expense','Plug','235e6d59-5ecc-4ae3-a01f-83f3c395449c'::uuid),
	 ('36e65ba3-0b60-4a25-a025-188f08dee904'::uuid,'Phone',NULL,'d8d5efae-da25-4b50-870f-8774b83d73e9'::uuid,'2024-09-10 17:04:17.938-05',NULL,NULL,false,'d8d5efae-da25-4b50-870f-8774b83d73e9'::uuid,'Smartphone','Expense','Plug','235e6d59-5ecc-4ae3-a01f-83f3c395449c'::uuid),
	 ('4f8111aa-b5ef-468b-800d-f9d51a8e7dca'::uuid,'Electricity',NULL,'d8d5efae-da25-4b50-870f-8774b83d73e9'::uuid,'2024-09-06 17:32:00.434296-05',NULL,NULL,false,'d8d5efae-da25-4b50-870f-8774b83d73e9'::uuid,'PlugZap','Expense','Plug','235e6d59-5ecc-4ae3-a01f-83f3c395449c'::uuid),
	 ('5477212e-8409-44bf-8550-5a5fcdea0c32'::uuid,'Student Loan',NULL,'d8d5efae-da25-4b50-870f-8774b83d73e9'::uuid,'2024-09-22 20:55:02.633308-05',NULL,NULL,false,'d8d5efae-da25-4b50-870f-8774b83d73e9'::uuid,'School','Expense','Plug','235e6d59-5ecc-4ae3-a01f-83f3c395449c'::uuid),
	 ('6ffe01d0-e0bf-45da-8384-3c167b6794b0'::uuid,'Water',NULL,'d8d5efae-da25-4b50-870f-8774b83d73e9'::uuid,'2024-09-06 17:32:00.434296-05',NULL,NULL,false,'d8d5efae-da25-4b50-870f-8774b83d73e9'::uuid,'Droplets','Expense','Plug','235e6d59-5ecc-4ae3-a01f-83f3c395449c'::uuid),
	 ('8be7e399-75fb-4da0-b043-3b7d7e0082ea'::uuid,'Salary',NULL,'d8d5efae-da25-4b50-870f-8774b83d73e9'::uuid,'2024-09-08 12:57:01.011229-05',NULL,NULL,false,'d8d5efae-da25-4b50-870f-8774b83d73e9'::uuid,'BriefcaseBusiness','Income','BriefcaseBusiness','a9cfa027-8f5c-489a-8b93-f9b4f5735044'::uuid),
	 ('6b06d9fe-b1d3-43b9-81cc-39a986b04380'::uuid,'Bonus',NULL,'d8d5efae-da25-4b50-870f-8774b83d73e9'::uuid,'2024-09-08 12:57:36.788949-05',NULL,NULL,false,'d8d5efae-da25-4b50-870f-8774b83d73e9'::uuid,'Star','Income','BriefcaseBusiness','a9cfa027-8f5c-489a-8b93-f9b4f5735044'::uuid),
	 ('5b3daefa-e88c-43f9-a8e4-0c4aab18fcf9'::uuid,'Account Operations',NULL,'d8d5efae-da25-4b50-870f-8774b83d73e9'::uuid,'2024-09-06 17:15:08.12299-05',NULL,NULL,false,'d8d5efae-da25-4b50-870f-8774b83d73e9'::uuid,'Wallet','Adjustment','UserPen','2a1caa0e-5767-4b99-8bdd-8a48fc42e72b'::uuid),
	 ('4b6f723e-dbc5-421d-b69d-6b9a503e23fe'::uuid,'Refund',NULL,'d8d5efae-da25-4b50-870f-8774b83d73e9'::uuid,'2024-09-28 18:03:23.525252-05',NULL,NULL,false,'d8d5efae-da25-4b50-870f-8774b83d73e9'::uuid,'TicketSlash','Adjustment','UserPen','2a1caa0e-5767-4b99-8bdd-8a48fc42e72b'::uuid);
INSERT INTO public.TransactionCategories (id,"name",description,createdby,createdat,updatedby,updatedat,isdeleted,tenantid,icon,"type",color,groupid) VALUES
	 ('3e086e05-2998-400a-9574-7ef562c4354e'::uuid,'Car Maintenance',NULL,'d8d5efae-da25-4b50-870f-8774b83d73e9'::uuid,'2025-01-08 16:24:43.531759-06',NULL,NULL,false,'d8d5efae-da25-4b50-870f-8774b83d73e9'::uuid,'Wrench','Expense','Car','56f8e908-644e-4767-bff9-1f37baf49fe4'::uuid),
	 ('775793ad-2dce-4d95-b2f5-afeea47c7bc9'::uuid,'Food',NULL,'d8d5efae-da25-4b50-870f-8774b83d73e9'::uuid,'2024-09-06 17:32:00.434296-05',NULL,NULL,false,'d8d5efae-da25-4b50-870f-8774b83d73e9'::uuid,'Utensils','Expense','ShoppingCart','046e648c-123f-462c-908b-d1e0831e6a11'::uuid),
	 ('fa748d7a-072e-4268-82ad-40f7bfdae1ab'::uuid,'Fruit',NULL,'d8d5efae-da25-4b50-870f-8774b83d73e9'::uuid,'2024-09-06 17:32:00.434296-05',NULL,NULL,false,'d8d5efae-da25-4b50-870f-8774b83d73e9'::uuid,'Apple','Expense','ShoppingCart','046e648c-123f-462c-908b-d1e0831e6a11'::uuid),
	 ('61484698-2405-4b17-8e14-71a43a3f91e5'::uuid,'Groceries',NULL,'d8d5efae-da25-4b50-870f-8774b83d73e9'::uuid,'2024-09-06 17:32:00.434296-05',NULL,NULL,false,'d8d5efae-da25-4b50-870f-8774b83d73e9'::uuid,'ShoppingCart','Expense','ShoppingCart','046e648c-123f-462c-908b-d1e0831e6a11'::uuid),
	 ('efd3c86c-6266-4b9f-a585-d02f02e8d27d'::uuid,'Snacks',NULL,'d8d5efae-da25-4b50-870f-8774b83d73e9'::uuid,'2024-09-06 17:32:00.434296-05',NULL,NULL,false,'d8d5efae-da25-4b50-870f-8774b83d73e9'::uuid,'Donut','Expense','Drama','046e648c-123f-462c-908b-d1e0831e6a11'::uuid);



INSERT INTO public.AccountCategories (id,"name","type",createdby,createdat,updatedby,updatedat,isdeleted,tenantid,icon,displayorder,color) VALUES
	 ('ddb8fefe-4b2e-4bb9-9c60-07de2e7286e7'::uuid,'Bank','Asset','d8d5efae-da25-4b50-870f-8774b83d73e9'::uuid,'2024-09-01 20:32:12.976757-05',NULL,NULL,false,'d8d5efae-da25-4b50-870f-8774b83d73e9'::uuid,'PiggyBank',1000,'error-100'),
	 ('b717a537-78a2-4a78-8da9-2598faca1cec'::uuid,'Debit Card','Asset','d8d5efae-da25-4b50-870f-8774b83d73e9'::uuid,'2025-01-02 15:06:01.929132-06','d8d5efae-da25-4b50-870f-8774b83d73e9'::uuid,NULL,false,'d8d5efae-da25-4b50-870f-8774b83d73e9'::uuid,'Banknote',2000,'error-100'),
	 ('fdb5a25c-b05c-4e36-9c74-1c02b8cee699'::uuid,'Credit Card','Liability','d8d5efae-da25-4b50-870f-8774b83d73e9'::uuid,'2024-09-01 20:32:12.976757-05',NULL,NULL,false,'d8d5efae-da25-4b50-870f-8774b83d73e9'::uuid,'CreditCard',3000,'error-100'),
	 ('5d192f78-41e8-413c-9457-c9d68f9decf1'::uuid,'Cash','Asset','d8d5efae-da25-4b50-870f-8774b83d73e9'::uuid,'2024-09-01 20:32:12.976757-05',NULL,NULL,false,'d8d5efae-da25-4b50-870f-8774b83d73e9'::uuid,'Banknote',4000,'error-100'),
	 ('d9833b85-1523-4a01-8c82-10fbe3c1ad18'::uuid,'Gift Card','Asset','d8d5efae-da25-4b50-870f-8774b83d73e9'::uuid,'2025-01-02 07:43:37.280129-06','d8d5efae-da25-4b50-870f-8774b83d73e9'::uuid,NULL,false,'d8d5efae-da25-4b50-870f-8774b83d73e9'::uuid,'WalletCards',5000,'error-100'),
	 ('bbefb010-bcf9-4552-b41f-c4c3053b4357'::uuid,'Loan','Liability','d8d5efae-da25-4b50-870f-8774b83d73e9'::uuid,'2024-09-01 20:32:12.976757-05',NULL,NULL,false,'d8d5efae-da25-4b50-870f-8774b83d73e9'::uuid,'Landmark',6000,'error-100');




INSERT INTO public.Configruations (id, "table", "type", "key", value, createdby, createdat, updatedby, updatedat, isdeleted, tenantid) VALUES
	 ('f2d4f7f6-0e2c-4e5d-9d7f-6c4a3e1b28c3'::uuid,'TransactionCategories','AccountOpertationsCategory','id','5b3daefa-e88c-43f9-a8e4-0c4aab18fcf9'::uuid,'d8d5efae-da25-4b50-870f-8774b83d73e9'::uuid,'2025-02-02 19:02:26.572-06',NULL,NULL,false,'d8d5efae-da25-4b50-870f-8774b83d73e9'::uuid),
	 ('ddb8fefe-4b2e-4bb9-9c60-07de2e7286e7'::uuid,'TransactionCategories','Other','id','55485de3-113a-42fa-a9a8-68f151b5d233'::uuid,'d8d5efae-da25-4b50-870f-8774b83d73e9'::uuid,'2025-02-02 19:02:26.572-06',NULL,NULL,false,'d8d5efae-da25-4b50-870f-8774b83d73e9'::uuid);